,id,AUC,pAUC
2,00,0.9366192468619247,0.8439903105042943
3,01,0.7470899470899471,0.6273090132739255
