,id,AUC,pAUC
2,00,0.5349385749385749,0.4974783395836027
3,02,0.713259052924791,0.5301275472804574
4,04,0.6126436781609196,0.5362976406533575
5,06,0.7065650969529087,0.5254410263886864
