,id,AUC,pAUC
2,00,0.6686713286713287,0.5708502024291497
3,02,0.5818018018018019,0.5737316263632053
4,04,0.8488,0.6321052631578947
5,06,0.7972549019607843,0.5737874097007224
