,id,AUC,pAUC
2,00,0.972752808988764,0.8778829095209935
3,02,0.8118352059925095,0.6581904198698995
4,04,0.9369101123595505,0.6877587226493199
5,06,0.7573033707865169,0.4967474866942638
