,id,AUC,pAUC
2,01,0.8495454545454545,0.7363864205969469
3,02,0.8806037735849057,0.8101290963257199
4,03,0.652711590296496,0.5593133777840829
5,04,0.8876334231805928,0.7712583345155342
