,id,AUC,pAUC
2,01,0.7925374999999999,0.6785526315789474
3,02,0.6422535211267606,0.5709599703484062
4,03,0.7781910486699923,0.616486879911973
