,id,AUC,pAUC
2,00,0.7808403361344538,0.51437417072092
3,02,0.7525833333333334,0.5337719298245613
4,04,0.7830833333333334,0.5149122807017544
5,06,0.61775,0.48464912280701755
