,id,AUC,pAUC
2,00,0.9138410041841004,0.8118652279233649
3,01,0.7024691358024691,0.6129211918685603
