,id,AUC,pAUC
2,00,0.3202845188284519,0.47829993393525655
3,01,0.6465608465608464,0.5544416597048176
