,id,AUC,pAUC
2,00,0.34137238493723854,0.47855538427659106
3,01,0.573015873015873,0.580896686159844
