,id,AUC,pAUC
2,00,0.9419916317991632,0.8584805109006826
3,01,0.6980599647266313,0.6013181100900399
