,id,AUC,pAUC
2,00,0.9006527196652719,0.7745606694560669
3,01,0.7358024691358025,0.6249883969182215
