,id,AUC,pAUC
2,00,0.9209205020920501,0.8198810834617924
3,01,0.7400352733686066,0.611064698783997
