,id,AUC,pAUC
2,00,0.5077824267782426,0.48046685752036994
3,01,0.3257495590828924,0.5084934558618769
